{"cameraMode":{"drawMode":0,"name":"Shaded","section":"Shading Mode"},"sceneLighting":false,"audioPlay":false,"sceneViewState":{"showFog":true,"showMaterialUpdate":false,"showSkybox":false,"showFlares":true,"showImageEffects":true,"showParticleSystems":true},"in2DMode":false,"pivot":{"x":-0.6342096328735352,"y":8.67992639541626e-7,"z":0.009029276669025422},"rotation":{"x":0.03734804317355156,"y":0.8468325138092041,"z":-0.06009729579091072,"w":0.5273422598838806},"size":1.4430532455444337,"orthographic":false}