{"cameraMode":{"drawMode":0,"name":"Shaded","section":"Shading Mode"},"sceneLighting":false,"audioPlay":false,"sceneViewState":{"showFog":true,"showMaterialUpdate":false,"showSkybox":false,"showFlares":true,"showImageEffects":true,"showParticleSystems":true},"in2DMode":false,"pivot":{"x":0.035882461816072467,"y":0.134651318192482,"z":-0.7968156337738037},"rotation":{"x":0.16751813888549806,"y":-0.002653644187375903,"z":0.0004512702871579677,"w":0.9858806729316711},"size":0.2514837086200714,"orthographic":false}