{"cameraMode":{"drawMode":0,"name":"Shaded","section":"Shading Mode"},"sceneLighting":true,"audioPlay":false,"sceneViewState":{"showFog":true,"showMaterialUpdate":false,"showSkybox":true,"showFlares":true,"showImageEffects":true,"showParticleSystems":true},"in2DMode":false,"pivot":{"x":-15.423376083374024,"y":5.679019927978516,"z":17.01395034790039},"rotation":{"x":-0.020121173933148385,"y":-0.979060173034668,"z":0.12437554448843003,"w":-0.16078200936317445},"size":1.2247449159622193,"orthographic":false}